current_date.year,current_date.month,cycle,machine_time,runTime,meanHomefieldsSOCS,meanBushfieldsSOCS,meanRangelandSOCS,totalNFlows,totalCFlows,TT,CThroughflow
2020,12,1442,1688462061410.0,0.0,1760.3690661248008,1764.33012791453,2236.7056387838024,2697.4785345998284,250743.16462224067,1696.768781122179,9624.673855892888
2021,1,2930,1688462067361.0,0.0,1708.1199948620958,1711.9631624479791,2170.3176958197637,7952.524054278515,636973.2189715545,4990.8331110276,22229.95644088027
2021,2,4418,1688462072327.0,0.0,1657.387492061409,1661.1164312645192,2105.8574532969656,15472.249289386573,1153121.392499046,9848.017872010922,36354.78941152988
2021,3,5762,1688462077314.0,0.0,1608.1614613471772,1611.779615166693,2043.3113865775097,24438.52845393176,1793447.7324659918,16106.986484460558,51377.897984863
2021,4,7250,1688462082700.0,0.0,1560.3974786934145,1563.9081492545183,1982.6229961246754,35004.71953701029,2554307.2328963233,23916.301428481846,67316.61269442535
2021,5,8690,1688462088636.0,0.0,1514.251340906495,1517.4585134869674,1923.7371105923437,54690.50464807866,3437884.8192871213,39154.76637817539,88506.14536574898
2021,6,10178,1688462093951.0,0.0,1469.328511739387,1472.3884782879234,1866.6001946712447,77488.87675630026,4435955.8584455885,57117.6775707467,111287.87705986327
2021,7,11618,1688462100742.0,0.0,1425.7266785136426,1430.1680742288584,1813.1101490125934,278786.39114707493,5622300.115952506,155646.03756283186,135663.27625642467
2021,8,13106,1688462103333.0,0.0,1383.384343623613,1387.8247126435815,1759.4317959244433,513427.3181431987,7134549.412700704,287502.2669116123,165254.3806443583
2021,9,14594,1688462105909.0,0.0,1342.296470619154,1346.6060896042216,1707.1762949856407,781366.2061330264,8964905.393575601,452640.94032715267,198143.49696006428
2021,10,16034,1688462108061.0,0.0,1302.4289233483805,1306.6105575369031,1656.4714629254713,1082493.7820639014,11107730.937572189,650953.3265837403,231783.57327577026
2021,11,17522,1688462110568.0,0.0,1263.7454818976323,1267.8029174906974,1607.2726040937407,1439310.909618244,14044958.554345835,903881.3901937954,741246.2734917402
2021,12,18962,1688462112796.0,0.0,1226.2114577889731,1230.1479030392888,1559.5350004802604,1798786.2854201922,17081929.294664476,1158387.8430245111,1254948.980240642
2022,1,20450,1688462118501.0,0.0,1189.793717981295,1193.6113459737408,1513.2156212289294,2161173.6364450445,20229605.122029882,1414769.8454468506,1785303.6088591078
2022,2,21938,1688462124321.0,0.0,1154.457589345794,1158.1599766833933,1468.2720617899843,2526750.5116354055,23486960.87480736,1673004.542651727,2331684.7398806927
2022,3,23282,1688462129754.0,0.0,1120.1706970260539,1123.761535170836,1424.6633338206484,2895160.3746560733,26847025.923232988,1932892.4408527429,2891734.639695723
2022,4,24770,1688462136238.0,0.0,1086.9021898366632,1090.3847829127217,1382.3499924281853,3266703.688023485,30310046.619241517,2194607.600848061,3467269.8196544894
2022,5,26210,1688462142191.0,0.0,1055.0275962141511,1057.9993373117782,1341.2931325243464,3656512.511912018,33883298.91984544,2469985.854114209,4064781.4937995244
2022,6,27698,1688462148493.0,0.0,1023.7777740370307,1026.575773964429,1301.4557141413438,4050757.081905021,37552632.87009956,2748361.9475633567,4676669.458955491
2022,7,29138,1688462155758.0,0.0,993.4242499265026,996.5644327395396,1267.8631772815033,4628976.803127684,41365489.86105861,3107534.016422812,5301587.221469963
2022,8,30626,1688462158291.0,0.0,963.9229394200008,967.0080576936373,1230.6550637743853,5243646.205330519,45465280.111738004,3503140.2204503934,5931545.901101595
2022,9,32114,1688462160986.0,0.0,935.2934992614107,938.2873619038859,1194.1069696740274,5894711.527652547,49845874.8122743,3935126.836153997,6564264.8831634475
2022,10,33554,1688462163152.0,0.0,907.5143473203699,910.4192971856077,1158.64082746623,6582074.525250535,54503083.9225755,4403396.151953076,7197739.921789095
2022,11,35042,1688462165633.0,0.0,880.5602636928511,883.3789337169405,1124.228036480842,7328913.631330673,59926930.54402452,4930067.701964305,8314234.40289739
2022,12,36482,1688462167960.0,0.0,854.4077969578899,857.1416960072287,1090.8373395711722,8078577.757480748,65425322.69843612,5458391.897490325,9438106.930716358
2023,1,37970,1688462173410.0,0.0,829.0335170572522,831.68376146014,1058.4386167682196,8831280.320198676,71006900.42471209,5988629.441086686,10579476.663747726
2023,2,39458,1688462178538.0,0.0,804.4128802510518,806.9819661879142,1027.0022586535706,9587222.410216672,76671848.88635604,6520768.034416474,11738200.700910345
2023,3,40802,1688462183528.0,0.0,780.5231339582638,783.0138449209137,996.4996314934717,10345929.912057908,82414746.11632389,7054611.859957162,12912405.82764566
2023,4,42290,1688462190126.0,0.0,757.3429553885695,759.7576183315377,966.9030908203221,11107687.244889548,88236152.29557768,7590331.75598783,14103648.905566826
2023,5,43730,1688462196369.0,0.0,735.264062336139,737.1921205648706,938.1855212529579,11887794.132399518,94146440.26780502,8139739.897837206,15319619.871866606
2023,6,45218,1688462202633.0,0.0,713.5164558439736,715.2968373493093,910.3209117087356,12672576.212654853,100131810.10867946,8692219.355720842,16552118.086654026
2023,7,46658,1688462211824.0,0.0,692.3805653129161,694.4645123414856,888.5030155851023,13638055.404285304,106239449.59413508,9325545.175410233,17800502.534661725
2023,8,48146,1688462214949.0,0.0,671.8207495118,673.8749413434184,862.5762450781978,14642256.032027572,112637806.15872692,9997576.879806018,19054211.891447768
2023,9,49634,1688462218080.0,0.0,651.8670380655054,653.8605516698279,836.9605724474382,15685120.460135488,119321376.00991255,10708256.87346384,20310889.268771574
2023,10,51074,1688462220805.0,0.0,632.5059354610011,634.4402476305366,812.1020363241947,16766546.445000665,126286425.97169107,11457483.448778924,21568317.606095377
2023,11,52562,1688462223766.0,0.0,613.7198766742185,615.5967379013078,787.9817939820406,17911435.638930857,134065072.10870928,12269099.358889036,23350227.249514397
2023,12,54002,1688462226189.0,0.0,595.4929555172499,597.3128991894257,764.5779467208898,19059224.951563325,141899249.70857275,13082386.102460455,25140271.07718951
2024,1,55490,1688462230844.0,0.0,577.8088291607118,579.5721393905058,741.8693931452505,20210117.526534718,149797294.56498927,13897596.46611158,26947994.84718795
2024,2,56978,1688462235576.0,0.0,560.6498957849,562.3583069405863,719.8353953447884,21364283.811323732,157759761.78559062,14714714.17171384,28773068.72825751
2024,3,58370,1688462240133.0,0.0,544.000317379712,545.6557431699863,698.455877906203,22521294.920440268,165782177.1984914,15533600.522341589,30613975.84185786
2024,4,59858,1688462245806.0,0.0,527.8452084874062,529.4492842407091,677.711534819962,23681343.900879916,173865797.0199787,16354374.351263426,32472343.976557046
2024,5,61298,1688462251283.0,0.0,512.5839689709856,513.7241702701854,657.5832125202289,24859610.296165466,182020853.5539898,17188848.58730939,34355536.44450774
2024,6,62786,1688462256847.0,0.0,497.4517954274802,498.46610509617227,638.0527165691749,26042415.790004987,190233598.57186192,18026428.054797277,36254997.10734692
2024,7,64226,1688462264163.0,0.0,482.73127017978163,484.492624790487,624.5988198030307,27404984.14933646,198568751.32436496,18944849.23226107,38169875.414593555
2024,8,65714,1688462266679.0,0.0,468.39806261977174,470.17653914725247,606.5348459499154,28809674.027054776,207199785.70904845,19905376.38259098,40089630.75454019
2024,9,67202,1688462269056.0,0.0,454.48620691306604,456.2124484983183,588.5240524369943,30256404.65895614,216119950.5566346,20907928.800748046,42010877.9433514
2024,10,68642,1688462271248.0,0.0,440.98751236275075,442.66248928617415,571.0443307391363,31745108.94412394,225327448.10272124,21952439.897071544,43932876.09216262
2024,11,70130,1688462273960.0,0.0,427.88974226031496,429.51497074565077,554.083743321321,33302973.872831143,235411881.52838057,23065037.76266445,46436407.45873875
2024,12,71570,1688462276512.0,0.0,415.1818772356981,416.75794659996535,537.6269020629311,34863579.65682518,245536156.2166026,24179265.08876858,48946316.29867279
2025,1,73058,1688462281878.0,0.0,402.85294469067634,404.3798665801806,521.6590719383101,36427167.18829515,255710929.31804913,25295407.5127242,51473786.18848404
2025,2,74546,1688462287525.0,0.0,390.89004356013146,392.36945121563787,506.16557510161545,37993941.819916494,265936585.09964082,26413439.57977787,54018018.62769787
2025,3,75890,1688462293482.0,0.0,379.2821188945824,380.7157548369028,491.1322726338366,39563471.345315725,276208571.1703727,27533165.489315543,56577069.89197618
2025,4,77378,1688462300847.0,0.0,368.018886058759,369.4082087304324,476.54541898290313,41136030.34411562,286526453.2738928,28654746.150721382,59151385.00751107
2025,5,78818,1688462308774.0,0.0,357.49918557801533,358.4364905290616,462.3918545133477,42726815.72711831,296901958.7297727,29789981.51332466,61748907.50957731
2025,6,80306,1688462314906.0,0.0,346.97159848021107,347.7906508346691,448.6586602915735,44322164.74862626,307322508.68587184,30928288.463154912,64361862.81622292
2025,7,81746,1688462321950.0,0.0,336.72095223597523,337.947143725104,441.10055579176907,46101575.244156085,317841459.83968663,32147435.755573917,66989728.370805174
2025,8,83234,1688462324550.0,0.0,326.72444670537374,327.95300566939216,428.51065353661215,47927755.81695382,328603976.6112086,33413337.576401383,69622785.96090624
2025,9,84722,1688462327091.0,0.0,317.0204394615516,318.21288181771075,415.78755028715324,49800641.745828204,339604787.982306,34725929.24933997,72258311.70237061
2025,10,86162,1688462329313.0,0.0,307.6046156734861,308.76164860236395,403.43827711161805,51720141.707708985,350841408.4972474,36085119.980104476,74894593.50039878
2025,11,87650,1688462331780.0,0.0,298.4684509856426,299.5911189492284,391.4557571059705,53709905.389552675,362816680.0641448,37513500.556561895,78025348.74768443
2025,12,89090,1688462334033.0,0.0,289.60465324602325,290.69296312589427,379.82912966626867,55702572.164988555,374823282.1068847,38943532.60206859,81163431.66210777
2026,1,90578,1688462339030.0,0.0,281.0056853780299,282.0591202635558,368.5480272551876,57698361.24079835,386871210.9276531,40375485.88162962,84319222.50725856
2026,2,92066,1688462344087.0,0.0,272.6620925852196,273.6817245940288,357.6021072962098,59697397.26750602,398961966.56283665,41809347.791096784,87492634.00179683
2026,3,93410,1688462349068.0,0.0,264.5659354374334,265.5531489061288,346.98130903774575,61699095.08363799,411091008.7881706,43244916.875187635,90681535.93744053
2026,4,94898,1688462355115.0,0.0,256.71025116284375,257.6660226441948,336.67608917991123,63703732.08401699,423260140.1137999,44682368.25681055,93887659.1881653
2026,5,96338,1688462360745.0,0.0,249.49462866928727,250.01314262465124,326.67688671556454,65726540.769898094,435480347.4998247,46133454.73533648,97118304.03629999
2026,6,97826,1688462366792.0,0.0,242.1789899264897,242.5875607232259,316.97468085470166,67754015.87596273,447739430.9046598,47587674.64669669,100365738.06938463
2026,7,99266,1688462373950.0,0.0,235.04172785441398,235.79597370874174,312.9294174948393,69962099.20678371,460085828.93053156,49122737.83808553,103628771.79850118
2026,8,100754,1688462376875.0,0.0,228.06524973814197,228.829385277888,304.11102957378256,72219678.55567048,472605975.9309738,50707281.49549396,106897220.3623244
2026,9,102242,1688462380142.0,0.0,221.29151972561144,222.03342129209588,295.0824484639053,74526798.37221701,485299683.8895031,52341350.03663818,110173006.37446119
2026,10,103682,1688462383137.0,0.0,214.71894058600012,215.43890339419426,286.3182384348452,76883315.92613028,498162496.91238046,54024801.29567379,113452259.90402003
2026,11,105170,1688462386122.0,0.0,208.34157333395783,209.04017679854363,277.8143008856266,79305264.90833384,511525660.86135036,55772610.0986491,117056916.72258452
2026,12,106610,1688462391644.0,0.0,202.15485935899926,202.8314805060061,269.56415205777677,81730012.18576473,524923443.314735,57522096.62625807,120674148.42967261
2027,1,108098,1688462397903.0,0.0,196.1526780970931,196.80721463540903,261.55852345279135,84157664.7340108,538356317.1365004,59273413.066840015,124307204.63416548
2027,2,109586,1688462404027.0,0.0,190.32853737162768,190.961887925218,253.79060066321526,86588429.93045612,551824298.2334335,61026520.525354944,127954548.95532504
2027,3,110930,1688462411166.0,0.0,184.67708751790462,185.29016560899055,246.25327920394895,89021890.58383249,565322281.0887864,62781227.26461845,131613863.7994332
2027,4,112418,1688462417283.0,0.0,179.19346153346814,179.78690060690752,238.93995424129977,91458314.76719086,578851120.127605,64537683.92460056,135285730.3894737
2027,5,113858,1688462423283.0,0.0,174.2831202501832,174.44708345430402,231.8434996847691,93912866.18819645,592419943.4716549,66307682.84105487,138976932.39203706
2027,6,115346,1688462429566.0,0.0,169.19809515597623,169.26586394801137,224.95774612803635,96371879.06681575,606014582.6368566,68080642.4030058,142678013.98796847
2027,7,116786,1688462436864.0,0.0,164.22694550095815,164.895200129941,221.05639471559573,99010614.17406763,619681110.725138,69934300.32109955,146387440.06163535
2027,8,118274,1688462439404.0,0.0,159.35362980269778,160.05598539457355,214.7372233696011,101702241.36728358,633604770.0411652,71840834.78044818,150101903.34608778
2027,9,119762,1688462441867.0,0.0,154.6207027544086,155.3026834760639,208.36128454772847,104446693.77056837,647780839.9857333,73800178.95098601,153818594.2212696
2027,10,121202,1688462444014.0,0.0,150.02831354278365,150.69004617472504,202.1727618069719,107243886.96948299,662207471.695918,75812248.94205368,157536036.05645144
2027,11,122690,1688462446493.0,0.0,145.57232260449652,146.21440117489425,196.1680287347159,110119354.85043575,677437578.6258117,77901519.74088949,161797658.66567975
2027,12,124130,1688462448764.0,0.0,141.24947239766658,141.87168724609157,190.3416421142754,112997689.15198295,692686238.8008373,79992409.42091809,166065224.42147368
2028,1,125618,1688462453797.0,0.0,137.0564915293562,137.65800970890075,184.68853933357056,115879130.56714782,707965031.5929056,82085209.05774976,170350184.75475368
2028,2,127106,1688462459520.0,0.0,132.98791386168705,133.56950327244908,179.20344509429071,118763868.35132428,723275263.3940729,84179887.98437512,174651728.17066908
2028,3,128498,1688462465140.0,0.0,129.0399175644297,129.6024298675321,173.88128152955042,121651502.69192755,738613083.8274821,86276309.85998207,178968221.49932373
2028,4,129986,1688462471366.0,0.0,125.20915152031888,125.75319778120563,168.71732276508556,124542225.5135873,753980002.4860858,88374587.05679771,183300841.62792754
2028,5,131426,1688462477490.0,0.0,121.90214019106514,122.01828018491828,163.70656207683876,127451045.15112574,769386284.3319603,90486475.28975366,187656458.10359582
2028,6,132914,1688462483960.0,0.0,118.37846352559481,118.3942990359743,158.84463851895043,130364409.12369299,784820473.0525849,92601515.86531094,192027830.830329
2028,7,134354,1688462491216.0,0.0,114.91636859858956,115.36102009800106,159.64980672382302,133461664.82434641,800333860.1401368,94797381.63400516,196413352.13429067
2028,8,135842,1688462493914.0,0.0,111.50755634253989,111.97763895907127,155.39760407513455,136616457.90178922,816068933.283053,97050769.23147646,200804055.67999485
2028,9,137330,1688462496463.0,0.0,108.1957049620718,108.65220326443769,150.78605879665471,139828728.94339338,832021197.7304122,99361619.28563184,205197444.60408697
2028,10,138770,1688462498689.0,0.0,104.98218460539697,105.42513228277677,146.30759357309793,143098382.02110305,848188427.8122917,101729836.4007122,209591589.58474287
2028,11,140258,1688462501175.0,0.0,101.86410874264332,102.29390050500908,141.96211198845327,146448560.83406928,865061806.0950633,104177505.37677918,214468087.11420754
2028,12,141698,1688462503456.0,0.0,98.83970140282169,99.25566936671899,137.74569530230093,149801523.70543975,881951872.7462353,106626829.72677822,219352071.12815094
2029,1,143186,1688462508043.0,0.0,95.90664948184315,96.30770304439213,133.6548046474216,153157488.17723912,898869565.3778242,109078072.46451505,224253974.16748625
2029,2,144674,1688462513075.0,0.0,93.06062517172737,93.44730812207018,129.68543728612104,156516584.32971656,915815679.0457546,111531212.00862584,229173055.44176733
2029,3,146018,1688462517937.0,0.0,90.29873736684293,90.67187960347934,125.83402030924447,159878298.55422336,932786623.4849247,113986053.72316426,234107469.56382188
2029,4,147506,1688462523919.0,0.0,87.6189191420736,87.97890279351148,122.09716582246581,163242901.07793653,949784853.7873356,116442769.71023296,239058962.27582467
2029,5,148946,1688462529758.0,0.0,85.4272903420788,85.36590309520433,118.47118887386327,166625738.79991618,966821826.6676755,118913196.40196407,244035085.40648946
2029,6,150434,1688462535948.0,0.0,82.97628394474233,82.83050959345239,114.95291043094905,170013107.22004765,983885232.0497057,121386665.28284669,249027558.99664748
2029,7,151874,1688462543005.0,0.0,80.56645356526806,80.78307998048398,116.73569427498816,173581058.72398096,1001022970.3824431,123940974.73102947,254035424.5820168
2029,8,153362,1688462545958.0,0.0,78.178013286619,78.42046215500937,113.72918287546956,177209271.39427856,1018387718.8743874,126555529.79468317,259048698.9200435
2029,9,154850,1688462549005.0,0.0,75.85608382566254,76.0916883848833,110.355002595958,180897702.34886017,1035975914.6977229,129230287.61878884,264065582.53403828
2029,10,156290,1688462551675.0,0.0,73.60308256564991,73.8316993417615,107.07737855652853,184646233.88090318,1053784481.358142,131965131.04525587,269083217.108033
2029,11,157778,1688462554710.0,0.0,71.41699741265306,71.6388241211608,103.89707357516234,188477664.21606538,1072299406.3918364,134781799.40057206,274577932.5859901
2029,12,159218,1688462557012.0,0.0,69.29682537590595,69.51107940659097,100.81122659481949,192312068.48762432,1090828540.887408,137600110.81739235,280079628.20013726
2030,1,160706,1688462561776.0,0.0,67.24112346931697,67.44656435204878,97.81734615836791,196149665.31145528,1109383414.2383988,140420337.75627428,285599254.99455124
2030,2,162194,1688462566899.0,0.0,65.246417602585,65.44338276299769,94.91241114073812,199990573.36328644,1127965204.5836377,143242460.28448206,291136149.42723405
2030,3,163538,1688462571704.0,0.0,63.31062118100434,63.499694160449245,92.0938169878572,203834175.17981982,1146569934.3420448,146066276.2267148,296688280.218499
2030,4,165026,1688462577362.0,0.0,61.43234232622721,61.61375322944131,89.35908309445215,207680750.9138417,1165199873.9151282,148891958.56390825,302257247.30811715
2030,5,166466,1688462582918.0,0.0,60.017236980382876,59.783824426667216,86.70551349321121,211545594.34972724,1183866643.922231,151731241.97696617,307850396.84007275
2030,6,167954,1688462588938.0,0.0,58.33349857752287,58.008240338802686,84.13070727843379,215415257.7670228,1202557820.7180562,154573654.26884317,313459616.8237604
2030,7,169394,1688462595597.0,0.0,56.658613611232454,57.11383506208932,86.71709236729976,219464940.11272362,1221336403.2270377,157496883.105048,319083232.4587237
2030,8,170882,1688462598198.0,0.0,54.980438146800545,55.49106601855883,84.59224847477378,223578287.52654743,1240346238.7151542,160483761.46207985,324711963.90840846
2030,9,172370,1688462600685.0,0.0,53.34750128954999,53.843586609638095,82.08338256099796,227755245.51918423,1259582684.3206658,163534234.8888651,330343509.8536022
2030,10,173810,1688462602900.0,0.0,51.76302745083822,52.24438848896882,79.64545306648044,231995715.4427806,1279043515.6280088,166648205.27150995,335975806.7587959
2030,11,175298,1688462605334.0,0.0,50.22561377489764,50.692677988419604,77.27990369736041,236323177.50386128,1299234977.0687628,169848093.91736904,342105392.3358705
2030,12,176738,1688462607590.0,0.0,48.734522243133554,49.18705476014101,74.98461327950425,240653523.80550078,1319437275.9849906,173049584.73094055,348240209.8094878
2031,1,178226,1688462613392.0,0.0,47.28921503593889,47.726205895213155,72.75780291901,244986991.41586757,1339662977.6038997,176252966.59126323,354392074.16220266
2031,2,179714,1688462620213.0,0.0,45.88669302420206,46.30876794476923,70.59723833072275,249323738.36369112,1359913650.076777,179458210.20395294,360560206.02834237
2031,3,181058,1688462625832.0,0.0,44.52551228768393,44.93341554023722,68.50083673092276,253663213.29351348,1380184399.938932,182665112.85301775,366742086.0582729
2031,4,182546,1688462632276.0,0.0,43.204781389157645,43.59893635556395,66.46684627286834,258005707.18258503,1400477838.932365,185873850.98909032,372939569.2175869
2031,5,183986,1688462638804.0,0.0,42.33327134401671,42.30407728341731,64.49303647115471,262366241.64426827,1420804088.3546438,189096148.6538722,379159354.8650634
2031,6,185474,1688462645456.0,0.0,41.172779035481874,41.047678049101606,62.577869043661906,266731302.4062758,1441151411.0044491,192321561.62368047,385393835.8659542
2031,7,186914,1688462653517.0,0.0,40.00393112104944,40.30941150824612,65.91998088902464,271280290.6205863,1461570410.3878376,195627781.3660713,391641875.03733075
2031,8,188402,1688462656169.0,0.0,38.82010802860521,39.15493885287246,64.42308314743129,275897583.9996097,1482197665.5342603,199002290.72494993,397895108.9956354
2031,9,189890,1688462658917.0,0.0,37.667146669374006,37.992430397685595,62.51334404199554,280583140.2650042,1503029631.475837,202445047.45096073,404151791.1249926
2031,10,191330,1688462661219.0,0.0,36.5483950235015,36.864027356862316,60.6566649209626,285336846.1600906,1524063490.5082748,205955938.83130136,410409232.43677497
2031,11,192818,1688462663707.0,0.0,35.462871145127345,35.7691289817011,58.855101553827986,290181009.0947617,1545771201.610683,209556213.37695655,417129654.63685983
2031,12,194258,1688462665947.0,0.0,34.41052633964579,34.706750082626584,57.10704618447912,295028013.6257816,1567490060.0377774,213158125.65713635,423856827.7288106
2032,1,195746,1688462670751.0,0.0,33.391045946326535,33.675953846283186,55.41119778706748,299878092.05588794,1589231905.8738735,216761956.55099094,430601993.0277967
2032,2,197234,1688462676891.0,0.0,32.40174681562041,32.675791243301774,53.76575114173603,304731398.7156121,1610997819.8475385,220367682.81034568,437364305.0116151
2032,3,198626,1688462682331.0,0.0,31.44146078298785,31.705343076873433,52.16925564647278,309587501.54674697,1632784644.513623,223975161.87541083,444142257.18431115
2032,4,200114,1688462688966.0,0.0,30.50972659760856,30.763730837563774,50.620288743205094,314446588.7388249,1654594326.313056,227584509.98579112,450937102.6860446
2032,5,201554,1688462695384.0,0.0,30.015780738775007,29.850083939174766,49.117259141020234,319323955.3344699,1676438543.3245404,231207546.5312708,457756366.41852105
2032,6,203042,1688462702731.0,0.0,29.21670468615349,28.963568764962428,47.65884890339582,324205957.2160019,1698305221.3270144,234833676.51736003,464592012.7195975
2032,7,204482,1688462710001.0,0.0,28.404521459483593,28.51320757844167,51.33124791778507,329268533.41356605,1720241875.2144537,238540638.3634872,471442910.1511016
2032,8,205970,1688462713283.0,0.0,27.565382380745064,27.70280573390858,50.257648706252915,334402140.72960365,1742381962.7999723,242318615.7762608,478299222.0393926
2032,9,207458,1688462716725.0,0.0,26.746698987559604,26.88045746313947,48.76855614412243,339606788.2326441,1764724324.0418365,246167617.81678692,485161395.1751918
2032,10,208898,1688462719693.0,0.0,25.952295569161336,26.08210502314536,47.32011024170336,344882311.3383584,1787263987.7920833,250087480.48026562,492024589.63952863
2032,11,210386,1688462722979.0,0.0,25.18148644076751,25.307441284715626,45.91465587928349,350249389.44345444,1810438133.4517553,254097824.26885608,499316219.351988
2032,12,211826,1688462725366.0,0.0,24.434254021797294,24.55578497802118,44.550944686867844,355619126.8630009,1833620849.7416854,258109768.83149394,506613004.26131874
2033,1,213314,1688462730793.0,0.0,23.710813446476372,23.826494094282715,43.228168518173526,360991775.6007248,1856826239.0343406,262123608.7258813,513927516.79738796
2033,2,214802,1688462736713.0,0.0,23.00879556563056,23.11886898317355,41.944724295676686,366367578.5238354,1880054999.6402974,266139307.51472604,521258431.47036475
2033,3,216146,1688462741988.0,0.0,22.32733328843924,22.432261580449463,40.69945257234665,371746175.16286325,1903303970.496206,270156673.00689167,528604063.99392045
2033,4,217634,1688462749547.0,0.0,21.666052226840115,21.76606666310652,39.491254154222716,377127848.11792165,1926574695.1870308,274175867.064798,535965423.06383336
2033,5,219074,1688462757288.0,0.0,21.43323834184137,21.119643293644405,38.31872717141552,382527686.89696014,1949877840.9010332,278208664.82914424,543349585.9469376
2033,6,220562,1688462766716.0,0.0,20.88875411558312,20.492415050589752,37.18109256308854,387932033.0264241,1973201304.3541765,282244513.36642426,550748326.076382
2033,7,222002,1688462776274.0,0.0,20.3226174281213,20.69667355121324,40.552192956151714,393516133.16766614,1996604683.9397688,286361137.81750745,558159981.7763952
2033,8,223490,1688462779916.0,0.0,19.723404982335236,20.154147095737027,39.74444383476587,399174667.4362464,2020242125.6766787,290552180.84865135,565576804.0759991
2033,9,224978,1688462782596.0,0.0,19.137635247870488,19.55619180473593,38.567167693028075,404907575.6047258,2044108925.1367736,294817582.2747504,572996232.7324456
2033,10,226418,1688462785084.0,0.0,18.56922862430885,18.975362928772878,37.421709634054174,410714764.28112936,2068203154.0835142,299157249.2336737,580416412.3488921
2033,11,227906,1688462787708.0,0.0,18.01770396718568,18.41177575104009,36.31024763932255,416620254.462972,2093044027.1643965,303594143.82376605,588346775.273559
2033,12,229346,1688462790161.0,0.0,17.483291319421117,17.86492760007132,35.23179697581194,422528650.44886607,2117893648.661783,308032647.9130465,596282665.7371737
2034,1,230834,1688462796161.0,0.0,16.9662034337174,17.334376739535077,34.18562898614025,428440188.6233283,2142764202.6390176,312473050.2906698,604235706.4132229
2034,2,232322,1688462801957.0,0.0,16.464371215295127,16.819595304734705,33.17068453684521,434355020.06104726,2167657255.261562,316915316.86698043,612204942.6815372
2034,3,233666,1688462807768.0,0.0,15.977094487935384,16.32011290529319,32.185900098001774,440272597.74353385,2192568935.81907,321359257.2139769,620188606.9502561
2034,4,235154,1688462816440.0,0.0,15.504345796651512,15.83547012881353,31.230468232859536,446193202.9036339,2217501005.8430004,325805037.6666388,628187912.8815693
2034,5,236594,1688462823120.0,0.0,15.454914665039027,15.365212566624859,30.30320574192534,452131857.90271497,2242463980.1422877,330264391.70883715,636209770.9020243
2034,6,238082,1688462829922.0,0.0,15.091540092798333,14.908921696273543,29.403493213137043,458075028.9192989,2267446185.6038218,334726863.44753516,644246564.4156612
2034,7,239522,1688462838277.0,0.0,14.697097203104907,14.947916792104637,33.867954776404986,464202119.6652194,2292498582.954815,339270144.959154,652296932.5157459
2034,8,241010,1688462841264.0,0.0,14.264899828897017,14.546787719542447,33.33517866355675,470408288.6984148,2317759304.4036126,343892489.20828205,660352534.8136902
2034,9,242498,1688462844667.0,0.0,13.841252607957514,14.115159748059032,32.34887813917516,476693486.380315,2343224518.1683755,348593846.59038925,668411311.3558117
2034,10,243938,1688462847278.0,0.0,13.430153840799571,13.695934837986337,31.38811457586907,483057604.8202774,2368891720.816667,353374109.755358,676470845.2286378
2034,11,245426,1688462849883.0,0.0,13.031264843786403,13.289152107257964,30.45585642858165,489523203.7341996,2395238384.983189,358254779.51993597,684998814.9459604
2034,12,246866,1688462852206.0,0.0,12.645115323273997,12.894451013662465,29.551287038746167,495991582.9120483,2421594312.1348476,363137084.6224612,693533411.8265905
2035,1,248354,1688462856942.0,0.0,12.272071360232113,12.511499184058938,28.673856764809244,502462974.2658886,2447971151.814361,368021303.1086976,702085662.3437333
2035,2,249842,1688462862181.0,0.0,11.910025242607922,12.13994436041603,27.82252685009274,508937573.9451016,2474370432.680791,372907420.4645864,710655161.9056102
2035,3,251186,1688462867942.0,0.0,11.558359289209264,11.779427491890376,26.99653118130017,515414912.62962925,2500788672.009434,377795236.88411266,719239983.0464276
2035,4,252674,1688462873928.0,0.0,11.21715259856083,11.429640086248959,26.195215749463618,521895273.10332227,2527228238.206549,382684923.7364478,727841721.9025053
2035,5,254114,1688462880065.0,0.0,11.295065521657005,11.090229510197096,25.41760713892674,528393900.00290364,2553700591.543328,387588265.1898045,736467605.32636
2035,6,255602,1688462886915.0,0.0,11.05093026830215,10.760899113235451,24.663138802680717,534897170.42442614,2580193996.4105945,392494687.7092249,745109764.5635558
2035,7,257042,1688462895775.0,0.0,10.778512036426761,10.8520653799554,29.077322752595766,541581082.3899199,2606756615.0876756,397481947.832343,753767456.7302254
2035,8,258530,1688462898822.0,0.0,10.46290993931125,10.566296505854275,28.669897352415205,548346792.3121657,2633538249.060235,402550990.36023074,762430575.9462835
2035,9,260018,1688462901993.0,0.0,10.152187295114787,10.252876896026029,27.82202659531831,555194273.0566202,2660536141.5763946,407701788.17573625,771097991.8038965
2035,10,261458,1688462904635.0,0.0,9.850657470213875,9.948368061647423,26.995714111032857,562123390.2528105,2687746669.2524314,412934207.46787745,779766158.6215097
2035,11,262946,1688462907883.0,0.0,9.558083095010666,9.652891676746945,26.193914642442042,569156619.109054,2715648575.4198656,418269664.5458018,788904017.2580212
2035,12,264386,1688462910240.0,0.0,9.275149775561152,9.366191141815033,25.415929185536683,576192629.0140406,2743559706.4810266,423606761.8060899,798048708.4884313
2036,1,265874,1688462915316.0,0.0,9.002146046511678,9.088037756960977,24.661364637411385,583231644.914532,2771491774.147484,428945770.1681641,807211146.7655483
2036,2,267362,1688462920651.0,0.0,8.737171549098305,8.818160722454927,23.92924189830324,590273821.8683156,2799445987.7367964,434286665.3394083,816390555.0302887
2036,3,268754,1688462925855.0,0.0,8.479737009546879,8.556302957919101,23.218896732769508,597318756.0322188,2827419017.9061604,439629306.250715,825585271.893341
2036,4,270242,1688462931646.0,0.0,8.229945687848076,8.302242129232711,22.529815309998046,604366634.4328039,2855413116.158863,444973810.1745689,834796763.7321601
2036,5,271682,1688462937271.0,0.0,8.39849543728913,8.055713535111341,21.861097423413398,611432830.4224691,2883439757.2375283,450332010.4869862,844032304.5188591
2036,6,273170,1688462943201.0,0.0,8.240068334219815,7.8165073632885695,21.212248619482555,618503675.2824149,2911486796.457302,455693275.0354909,853283658.7241027
2036,7,274610,1688462950072.0,0.0,8.051223041675634,8.410773225449367,25.59480068424934,625754408.906097,2939617363.2672553,461135355.2869399,862549596.9425732
2036,8,276098,1688462952654.0,0.0,7.816635325377079,8.234346286115374,25.278914949726833,633090339.9713866,2968013606.7839093,466662617.4348326,871820481.0443676
2036,9,277586,1688462954983.0,0.0,7.584509772852161,7.990393988984068,24.53166043744579,640511384.4000379,2996669732.2238235,472274977.4614594,881092752.4710736
2036,10,279026,1688462957182.0,0.0,7.3592425387548674,7.753077723570493,23.80307402711839,648017477.4951187,3025585064.1788373,477972371.1794157,890365774.8577797
2036,11,280514,1688462959613.0,0.0,7.140665678436638,7.5228036135143945,23.096099152929504,655636352.2863183,3055362764.140369,483781472.7192209,900232901.9709558
2036,12,281954,1688462961958.0,0.0,6.929540570915797,7.299368823800698,22.410121913808254,663258135.6365836,3085149777.1452403,489592216.9737807,910106963.4311455
2037,1,283442,1688462967005.0,0.0,6.726119754787319,7.082618270353523,21.744719229359156,670883049.9714082,3114956803.214554,495404877.51575756,919998507.209838
2037,2,284930,1688462972486.0,0.0,6.528620208143626,6.87232401756435,21.09918407522064,678511237.6542007,3144785584.3092,501219431.4358228,929906968.581408
2037,3,286274,1688462977715.0,0.0,6.336679861335613,6.66827139672674,20.47278335200295,686142136.9563124,3174631827.808972,507035679.9097489,939830116.9650517
2037,4,287762,1688462984187.0,0.0,6.150300269792696,6.470311290329841,19.865038436312865,693776020.1193084,3204496584.5336437,512853786.22216874,949768769.9188474
2037,5,289202,1688462990366.0,0.0,6.379739492266803,6.278223945542292,19.275280401903462,701428020.1495653,3234391936.467295,518685519.3746653,959730850.4567635
2037,6,290690,1688462996827.0,0.0,6.283615123423111,6.09183535212766,18.70312090721479,709084563.777992,3264306139.9961305,524520363.7408505,969708415.9443389
2037,7,292130,1688463004299.0,0.0,6.151161867340917,6.397740635389857,24.036871750827572,716925094.5953032,3294292930.0240374,530436044.3696372,979700367.1148924
2037,8,293618,1688463006957.0,0.0,5.972838465837558,6.251008095070052,23.844971620651872,724855471.7656807,3324492128.4689345,536441555.8012022,989697573.1830668
2037,9,295106,1688463009573.0,0.0,5.79547416862066,6.065760735943812,23.14092947657428,732875631.9568464,3354899225.822882,542536834.747011,999697391.3383842
2037,10,296546,1688463011739.0,0.0,5.623343070162921,5.8856094577378855,22.45365420141512,740985481.0193396,3385512306.419642,548721787.5890473,1009697960.4537014
2037,11,298034,1688463014128.0,0.0,5.456324159874606,5.710801034284902,21.786758485748674,749207890.6870184,3416817440.2214723,555018227.1619993,1020175538.7899624
2037,12,299474,1688463016357.0,0.0,5.295312432819299,5.541184533270029,21.139669974105647,757433318.0885193,3448132456.3921733,561316322.0902407,1030660621.8325838
2038,1,300962,1688463020942.0,0.0,5.140617980094869,5.376629063550203,20.512075109336937,765661973.694,3479468197.7343307,567616337.9939269,1041163621.9895525
2038,2,302450,1688463026009.0,0.0,4.990406099412773,5.216980833390401,19.903186931213387,773894002.1833665,3510826326.9147,573918252.3240496,1051683927.5893679
2038,3,303794,1688463030825.0,0.0,4.844325622632363,5.062078015734127,19.312388282097704,782128808.1856574,3542202877.333658,580221870.7917416,1062219625.6038435
2038,4,305282,1688463036588.0,0.0,4.702602845338668,4.911796231104036,18.73931479577519,790366679.879696,3573600517.2334857,586527366.5783964,1072772522.9770244
2038,5,306722,1688463042123.0,0.0,4.977349411059099,4.765971898366391,18.183159310077208,798622746.2543215,3605030755.7826514,592846496.3416997,1083349951.7012103
2038,6,308210,1688463048040.0,0.0,4.925111778447837,4.6244739267319765,17.643539165005134,806883425.1712055,3636481656.231998,599168743.1327409,1093943819.831456
2038,7,309650,1688463054850.0,0.0,4.834118471073148,4.899637377049544,22.34117397174049,815324677.5445011,3668001533.0147023,605571835.4867343,1104553353.7067606
2038,8,311138,1688463057767.0,0.0,4.694996402227413,4.790817695165992,22.140466332905238,823858499.9428576,3699733526.6518817,612067482.3125645,1115168314.105647
2038,9,312626,1688463060898.0,0.0,4.555585962755769,4.648954047419588,21.48658159174701,832484877.9086704,3731675464.818838,618655669.1615502,1125788139.496557
2038,10,314066,1688463063443.0,0.0,4.420280789265338,4.510888849056274,20.848438762584536,841203663.8453208,3763823156.2891855,625336249.0062734,1136408715.8474667
2038,11,315554,1688463066418.0,0.0,4.288994031824872,4.3769110464368435,20.229219523942557,850036654.7286642,3796639560.0056286,632129959.9234195,1147483187.4465396
2038,12,316994,1688463068726.0,0.0,4.162405539885568,4.246912412303322,19.62839147679032,858872449.1899942,3829463884.3252125,638925288.8586087,1158563534.3747952
2039,1,318482,1688463073522.0,0.0,4.041202084315804,4.1208079525657455,19.04573370933501,867711288.6665055,3862308811.6546054,645722525.0642836,1169661534.552941
2039,2,319970,1688463078735.0,0.0,3.923564465609206,3.998461213283357,18.48049027995763,876553388.95355,3895176342.695798,652521648.9503952,1180776854.8204176
2039,3,321314,1688463083765.0,0.0,3.8089705859328093,3.8797557858120704,17.932018174608114,885398277.4700695,3928062045.3798523,659322450.7605442,1191906884.9302394
2039,4,322802,1688463089618.0,0.0,3.6978222605200664,3.764590749630009,17.399998053055086,894246245.4057097,3960968391.048499,666125102.7298844,1203053253.800635
2039,5,324242,1688463095429.0,0.0,4.003167152856561,3.652839057499405,16.883673562134838,903112406.132867,3993906850.0361342,672941392.1687871,1214223406.6142375
2039,6,325730,1688463101301.0,0.0,3.9753240728768784,3.5444021136765618,16.382650481528103,911983068.1214346,4026864553.711841,679760734.8524648,1225408595.111139
2039,7,327170,1688463108144.0,0.0,3.911460636935188,4.2632089081775675,20.751264201677646,921033501.2161605,4059903734.9896874,686660875.4048523,1236607608.4951828
2039,8,328658,1688463110686.0,0.0,3.799679609627754,4.209767726315252,20.56528692542944,930179908.7394125,4093163785.639717,693656974.83527,1247811951.8944004
2039,9,330146,1688463113259.0,0.0,3.686860471662764,4.085403709691704,19.957921199803145,939422240.4472969,4126640387.7933416,700748982.9349132,1259019510.4488823
2039,10,331586,1688463115386.0,0.0,3.57735730996287,3.964074456769007,19.365178602952394,948760388.6252413,4160331037.122666,707936792.5295163,1270227819.9633644
2039,11,333074,1688463117783.0,0.0,3.4711062227490177,3.8463375719097823,18.790013654231746,958217078.1150426,4194724960.265234,715242069.5617064,1281916290.8996089
2039,12,334514,1688463119918.0,0.0,3.3685676837374587,3.7320975004111396,18.23193146045514,967676579.988492,4229125487.9690833,722548932.7986631,1293609298.6864178
2040,1,336002,1688463125647.0,0.0,3.270534534674639,3.62130992955761,17.690768719793983,977139133.4145186,4263545743.2656727,729857670.907771,1305318864.0923674
2040,2,337490,1688463131775.0,0.0,3.1753661829036437,3.513820673297835,17.165764220153083,986604887.7393314,4297987087.103375,737168254.67613,1317044093.3793466
2040,3,338882,1688463137498.0,0.0,3.082763988333912,3.409527570833922,16.656325548244094,996073412.5129533,4332445915.386847,744480550.9774088,1328783462.0489638
2040,4,340370,1688463144016.0,0.0,2.992933163831972,3.308343690560517,16.162177824085006,1005544894.1286153,4366924288.5875025,751794673.2489603,1340538203.8465858
2040,5,341810,1688463150284.0,0.0,3.3152135502495828,3.2101428734154487,15.682544023531223,1015034491.1495228,4401432960.543949,759122416.3245888,1352315426.2884312
2040,6,343298,1688463156892.0,0.0,3.3102631179164814,3.1148676631638925,15.217069915034598,1024528599.9418845,4435959337.764059,766453243.0064045,1364106925.6547697
2040,7,344738,1688463164376.0,0.0,3.265914826525778,3.501346142137466,19.80766519013466,1034206616.312467,4470553635.373619,773864866.4010004,1375911634.0671473
2040,8,346226,1688463167053.0,0.0,3.1732661981636654,3.4399446283362245,19.66632520408597,1043985247.8750786,4505337203.03743,781377089.4387406,1387721619.9714518
2040,9,347714,1688463169889.0,0.0,3.079051837275207,3.338228479903867,19.085792678846953,1053864468.7155429,4540307292.893277,788989886.2224522,1399535799.5800302
2040,10,349154,1688463172115.0,0.0,2.9876011972040057,3.2390937139722635,18.518954236303507,1063844148.6873747,4575460480.181714,796703127.1610756,1411350792.3538282
2040,11,350642,1688463174612.0,0.0,2.8988664562742272,3.142889672835361,17.96892300601756,1073944523.3460736,4611223419.707371,804535988.9122963,1423583443.51337
